Date,Severity,Category,Message
2026-06-22,CRITICAL,STRESS,Worst Stress Score 0.00
2026-06-22,HIGH,STRESS,3 Stress Scenarios Rejected
2026-06-22,MEDIUM,SURVEILLANCE,1 Warning Alerts
2026-06-22,CRITICAL,STRESS,Worst Stress Score 0.00
2026-06-22,HIGH,STRESS,3 Stress Scenarios Rejected
2026-06-22,MEDIUM,SURVEILLANCE,1 Warning Alerts
2026-06-22,CRITICAL,STRESS,Worst Stress Score 0.00
2026-06-22,HIGH,STRESS,3 Stress Scenarios Rejected
2026-06-22,MEDIUM,SURVEILLANCE,1 Warning Alerts
2026-06-22,CRITICAL,STRESS,Worst Stress Score 0.00
2026-06-22,HIGH,STRESS,3 Stress Scenarios Rejected
2026-06-22,MEDIUM,SURVEILLANCE,1 Warning Alerts
2026-06-22,CRITICAL,STRESS,Worst Stress Score 0.00
2026-06-22,HIGH,STRESS,3 Stress Scenarios Rejected
2026-06-22,MEDIUM,SURVEILLANCE,1 Warning Alerts
2026-06-22,CRITICAL,STRESS,Worst Stress Score 0.00
2026-06-22,HIGH,STRESS,3 Stress Scenarios Rejected
2026-06-22,MEDIUM,SURVEILLANCE,1 Warning Alerts
2026-06-22,CRITICAL,STRESS,Worst Stress Score 0.00
2026-06-22,HIGH,STRESS,3 Stress Scenarios Rejected
2026-06-22,MEDIUM,SURVEILLANCE,1 Warning Alerts
2026-06-22,CRITICAL,STRESS,Worst Stress Score 0.00
2026-06-22,HIGH,STRESS,3 Stress Scenarios Rejected
2026-06-22,MEDIUM,SURVEILLANCE,1 Warning Alerts
